,gradrat,lenroll,rmbrd,private,stufac,csat,act
0,59.0,5.1761497326,3.75,1.0,10.8,.,21.0
1,52.0,4.7791234931,3.74,1.0,17.7,.,21.0
2,75.0,6.122492809500001,.,1.0,11.4,1052.0,24.0
3,56.0,5.3181199938,4.1,1.0,11.6,940.0,23.0
4,71.0,5.631211781799999,.,1.0,18.3,.,17.0
